nome,endereco,telefone
Edif칤cio Residencial Serraria,"R. Adolfo Gustavo, 90 - Serraria, Macei칩 - AL, 57045-680, Brazil",
Edif칤cio Residencial Saint Denis,"R. Prof. Silvio Macedo, 49 - Jati칰ca, Macei칩 - AL, 57036-720, Brazil",
Edif칤cio Residencial Novitt치,"R. Hugo Corr칡a Paes, 659 - Gruta de Lourdes, Macei칩 - AL, 57052-827, Brazil",
Edif칤cio Residencial Montpellier,"Av. Prof. Sandoval Arroxelas, 127 - Ponta Verde, Macei칩 - AL, 57035-230, Brazil",
Edif칤cio Premium Residence,"Av. Comendador Gustavo Paiva, 3565 - Mangabeiras, Macei칩 - AL, 57037-285, Brazil",(82) 98822-0772
Edif칤cio One Residence,"R. Jos칠 J칰lio Sawer, 68 - Ponta Verde, Macei칩 - AL, 57035-390, Brazil",
Edif칤cio Residencial Sumatra,"R. Dep. Rub칠ns Can칰to, 2 - Pinheiro, Macei칩 - AL, 57057-060, Brazil",(82) 3034-3135
Edif칤cio Residencial Muril칩polis,"R. Nelson Marinho Araujo, 354 - Barro Duro, Macei칩 - AL, 57020-970, Brazil",
Edif칤cio Fit Residence,"R. Dep. Jos칠 Lages, 919 - Ponta Verde, Macei칩 - AL, 57035-330, Brazil",
Edif칤cio Residencial Lune,"R. Ant칪nio Barbosa, 62 - Gruta de Lourdes, Macei칩 - AL, 57052-740, Brazil",
Edif칤cio Residencial Atl칙ntida,"R. Orlando Pugliese, 78 - Gruta de Lourdes, Macei칩 - AL, 57052-612, Brazil",
Edif칤cio S칤lvia Cavalcante,"Av. Empres치rio Carlos da Silva Nogueira, 1256 - Jati칰ca, Macei칩 - AL, 57036-540, Brazil",(82) 3235-6470
Edif칤cio Dilma Paiva,"Rua Conselheiro Jos칠 Bezerra, 226 - Farol, Macei칩 - AL, 57055-130, Brazil",
Condom칤nio Residencial Jati칰ca 1,"045, R. Cel. Adauto Gomes Barbosa, 750 - Po칞o, Macei칩 - AL, Brazil",(82) 99802-5809
Residencial Life,"R. Dr. Os칠ias Ten칩rio, 41 - Gruta de Lourdes, Macei칩 - AL, 57052-765, Brazil",
Building Regate,"R. Industrial Clim칠rio Sarmento, 56 - pt, Macei칩 - AL, 57036-590, Brazil",(82) 3432-4841
Edif칤cio Salute,"R. Dona Marieta Lages, 150 - Farol, Macei칩 - AL, 57050-130, Brazil",
Edif칤cio Mares do Sul,"Rua Dr. Noel Nutels, 181 - Ponta Verde, Macei칩 - AL, 57035-450, Brazil",
Edif칤cio Liberty,"Av. Eraldo Lins Cavalcante, 139 - Serraria, Macei칩 - AL, 57045, Brazil",
Edif칤cio Montichiari,"R. Industrial Clim칠rio Sarmento, 131 - Jati칰ca, Macei칩 - AL, 57036-590, Brazil",
Edif칤cio Via Grandesso,"Av. Dr. Jos칠 Sampaio Luz, 310 - Ponta Verde, Macei칩 - AL, 57035-260, Brazil",
Edif칤cio Villa Vernazza,"R. Carlos Alberto Novaes, 142 - Serraria, Macei칩 - AL, 57046-775, Brazil",
Edificio Splendor,"Rua Paulina Maria de Mendon칞a, 315 - Jati칰ca, Macei칩 - AL, 57037-540, Brazil",
Edif칤cio Petra,"R. Dr. Roland Simon, 346-232 - Jati칰ca, Macei칩 - AL, 57035-552, Brazil",
Edif칤cio Palazzo Maggiore,"R. Osvaldo Sarmento, 110 - Farol, Macei칩 - AL, 57051-510, Brazil",(82) 3223-2220
Edif칤cio Marqu칡s do Herval,"207, R. Marqu칡s do Herval, 145 - Farol, Macei칩 - AL, 57055-100, Brazil",
Edif칤cio Puerto Manzano,"R. Dep. Elizeu Teixeira, 43 - Ponta Verde, Macei칩 - AL, 57035-240, Brazil",
Condom칤nio Residencial Mediterr칙neo,"Condom칤nio Residencial Mediterraneo - R. Pedro Am칠rico, 1212 - Po칞o, Macei칩 - AL, 57025-890, Brazil",
Edif칤cio Cartier,"R. Sen. Rui Palmeira, 926 - Ponta Verde, Macei칩 - AL, 57035-250, Brazil",
Edif칤cio Dolce Vita,"R. J칰lio Plech Filho, 49 - Paju칞ara, Macei칩 - AL, 57030-003, Brazil",
Edif칤cio Piazza Bella Vista,"Av. Aristeu de Andrade, 271 - Farol, Macei칩 - AL, 57051-090, Brazil",(82) 3336-2565
Edif칤cio Vandelli,"R. Raphael Perrelli, 20 - Jati칰ca, Macei칩 - AL, 57036-770, Brazil",
Edif칤cio Allure,"Av. Dr. Jos칠 Sampaio Luz, 630 - Ponta Verde, Macei칩 - AL, 57035-260, Brazil",(82) 98850-6121
Edif칤cio Vicenzza,"Rua Paulina Maria de Mendon칞a, 165 - Jati칰ca, Macei칩 - AL, 57035-557, Brazil",
Edif칤cio Bar칚o de Mau치,"R. Mal. Ant칪nio Guedes Muniz, 150 - Jati칰ca, Macei칩 - AL, 57036-670, Brazil",(82) 99384-6498
Edif칤cio Vivenda do Bosque 1,"Av. Eraldo Lins Cavalcante, 515 - Serraria, Macei칩 - AL, 57046-570, Brazil",
Edif칤cio Portofino,"R. Comerc. Jos칠 Pontes de Magalh칚es, 276 - Jati칰ca, Macei칩 - AL, 57036-250, Brazil",
Edif칤cio Grand Versailles,"Av. Jorn. Jos칠 Batista dos Santos, 62 - Gruta de Lourdes, Macei칩 - AL, 57052-645, Brazil",
Edif칤cio Cidade de Guimar칚es,"R. Carlos Ten칩rio, 227 - Ponta Verde, Macei칩 - AL, 57035-010, Brazil",
Edif칤cio Mariana Portela,"R. Clementino do Monte, 355 - Farol, Macei칩 - AL, 57055-190, Brazil",
Edif칤cio L칤rio dos Campos,"R. Dr. Odilon Vasconcelos, 605 - Jati칰ca, Macei칩 - AL, 57035-660, Brazil",(82) 3325-4448
Edif칤cio Coimbra,"Av. Prof. Sandoval Arroxelas, 81 - Ponta Verde, Macei칩 - AL, 57035-230, Brazil",
Edif칤cio VC Stella Maris,"R. Dra. Rosa Cab칰s, 176 - Jati칰ca, Macei칩 - AL, 57035-825, Brazil",
Edif칤cio Casa Real,"Av. Dr. Jos칠 Sampaio Luz, 1271 - Ponta Verde, Macei칩 - AL, 57035-260, Brazil",
Edif칤cio Oregon,"R. Banc치rio Jos칠 Farias de Almeida, 205 - Jati칰ca, Macei칩 - AL, 57036-440, Brazil",
Edif칤cio Beiriz,"R. Valdo Omena, 347 - Ponta Verde, Macei칩 - AL, 57035-170, Brazil",
Edif칤cio Grand Soleil,"R. Gen. Newton de Andrade Cavalcante, 48 - Jati칰ca, Macei칩 - AL, 57036-580, Brazil",
Residencial Vivace Residence,"Av. Maria Carolina Moreira Sampaio, 460 - Antares, Macei칩 - AL, 57048-740, Brazil",
Edif칤cio Amalfi,"Rua Jos칠 Correia Filho, 61 - Ponta Verde, Macei칩 - AL, 57035-285, Brazil",
Edif칤cio Savassi,"Rua H칠lio Pradines, 466 - Ponta Verde, Macei칩 - AL, 57035-220, Brazil",(82) 3337-1617
Edif칤cio SOHO,"Rua Luiz Campos Teixeira, 1100 - Ponta Verde, Macei칩 - AL, 57035-290, Brazil",
Edif칤cio Porto Madero,"Av. Prof. Vital Barbosa, 134 - Ponta Verde, Macei칩 - AL, 57035-400, Brazil",(82) 3235-1716
Edif칤cio Vega,"Av. Amazonas, 57 - Prado, Macei칩 - AL, 57010-060, Brazil",
Edif칤cio Domus Residence,"R. Sen. Rui Palmeira, 777 - Ponta Verde, Macei칩 - AL, 57035-250, Brazil",
Edif칤cio Eugenio I,"R. Alceb칤ades Valente, 185 - Farol, Macei칩 - AL, 57051-050, Brazil",(87) 99968-2731
Edif칤cio Amaraji,"R. Dr. Roland Simon, 575 - Jati칰ca, Macei칩 - AL, 57035-552, Brazil",
Edificio Dony Coutinho,"Av. Dr. J칰lio Marques Luz, 16 - Jati칰ca, Macei칩 - AL, 57035-700, Brazil",
Edif칤cio Spazio Vit치,"R. Estat칤stico Teixeira de Freitas, 86 - Pinheiro, Macei칩 - AL, 57055-660, Brazil",
Edif칤cio Giardino di Mare,"Av. Aristeu de Andrade, 492 - Farol, Macei칩 - AL, 57051-090, Brazil",
Edif칤cio 칄vora Monte,"R. Durval Guimar칚es, 1354 - Ponta Verde, Macei칩 - AL, 57035-060, Brazil",(82) 99984-2710
Condom칤nio Dom Adelmo Machado,"Av. Comendador Gustavo Paiva - Cruz das Almas, Macei칩 - AL, 57038-050, Brazil",(11) 98704-7050
Condom칤nio Village das Flores,"Condom칤nio Village das Flores, 322 - Benedito Bentes, Macei칩 - AL, 57084-154, Brazil",(82) 99834-9918
Condom칤nio Jardim Tropical,"Av. Frei Dami칚o de Bozano, 310 - Cidade Universit치ria, Macei칩 - AL, 57073-610, Brazil",(82) 98177-1012
Condom칤nio Arte Vida,"R. Ariosvaldo Pereira Cintra, 504 - Gruta de Lourdes, Macei칩 - AL, 57052-580, Brazil",(82) 3241-4497
Parque Petropolis 111 Residencial,"R. de Acesso, 1270 - Petropolis, Macei칩 - AL, 57062-593, Brazil",
Condom칤nio Bosque dos Jacarand치s,"R. Jo칚o Paulo I, 451 - Benedito Bentes, Macei칩 - AL, 57084-812, Brazil",(82) 99356-5656
Condom칤nio Parque Mirante da Barra,"R. Santa Am치lia, 923 - S칚o Jorge, Macei칩 - AL, 57044-086, Brazil",(82) 99433-2844
Condo Reserve Bella Vista,"R. em Projeto O - Antares, Macei칩 - AL, Brazil",
Condom칤nio Parque Jati칰ca,"R. Ver. Mironildes Vieira - Jati칰ca, Macei칩 - AL, 57035-610, Brazil",(82) 3313-7005
Condom칤nio Residencial Vivenda Do Alto,"Av. Jorge Montenegro de Barros 1053, 3639 - Santa Am칠lia, Macei칩 - AL, 57063-000, Brazil",(82) 98812-5684
Condom칤nio Residencial Jardim das Palmeiras,"Av. Grand Jardim, 365 - Cidade Universit치ria, Macei칩 - AL, 57074-550, Brazil",
Condom칤nio Vila Bella,"R. Progresso, 1021 - Serraria, Macei칩 - AL, 57046-256, Brazil",(82) 98883-7288
Mediterranean West condo,"Av. Jorge Montenegro de Barros 1053, 5278 - Santa Am칠lia, Macei칩 - AL, 57063-000, Brazil",
Condom칤nio Lagos do Franc칡s,"AL-215, 58 - Cabreiras, Mal. Deodoro - AL, 57160-000, Brazil",(82) 97612-4545
Condom칤nio Residencial Recanto das Sa칤ras,"R. Valter Jos칠 Ferro Lima Filho, 17 - Antares, Macei칩 - AL, 57083-131, Brazil",
Condom칤nio Ba칤a Dourada,"Av. Carlos Gomes de Barros, 396 - Tabuleiro do Martins, Macei칩 - AL, 57081-010, Brazil",
Condom칤nio Jardins De La Reina,"R. Marqu칡s de Agra - Santa Am칠lia, Macei칩 - AL, 57063-709, Brazil",
Condominium Corner Of Tales,"Condom칤nio Recanto dos Contos, 985 - Benedito Bentes, Macei칩 - AL, 57084-138, Brazil",
Condom칤nio Residencial Leste Oeste,"R. Ver. Ant칪nio Cavalcante Lins, 136 - Mangabeiras, Macei칩 - AL, 57037-440, Brazil",
Condom칤nio Porto Manguaba,"215, km 04, Povoado, R. das Pedras, Mal. Deodoro - AL, 57160-000, Brazil",
Condom칤nio Residencial Solemar,"Rua Moema RC Lopes 104, QG6 - Barra Mar, Barra de S칚o Miguel - AL, 57180-000, Brazil",
Condom칤nio Pedras do Atl칙ntico,"R. Rodolfo Abreu, 313 - Cruz das Almas, Macei칩 - AL, 57038-160, Brazil",(82) 93316-4258
Condom칤nio Vista do Vale,"R. Luiz Vieira dos Anjos, 442 - Serraria, Macei칩 - AL, 57046-831, Brazil",
Ocean View Condo,"AL-101, 9383 - Jacarecica, Macei칩 - AL, 57038-640, Brazil",
Condom칤nio Costa da Luz Parque - Residencial Mar de Espanha,"Av. Carlos Gomes de Barros, 278 - Tabuleiro do Martins, Macei칩 - AL, 57081-010, Brazil",
Condom칤nio Residencial Recanto dos Rios,"Conde. Recanto dos Rios - R B, 35, Satuba - AL, 57120-000, Brazil",
Condom칤nio Brisas Mares Do Sul - Flex Residence,"Rod. Dr. Ib Gatto Marinho Falc칚o, 9513 - Povoado Campo Grande, Mal. Deodoro - AL, 57160-000, Brazil",
Condom칤nio Residencial Jacarecica,"Av. Comendador Gustavo Paiva, 249 - Jacarecica, Macei칩 - AL, 57038-530, Brazil",
Condom칤nio Resid칡ncial Dhiana,"R. Joel Vieira dos Anjos, 400 - Feitosa, Macei칩 - AL, 57042-610, Brazil",
Condom칤nio jarbas oiticia Jardim Petr칩polis,"R. Eng. Isac Gondin, 106 - Jardim Petr칩polis, Macei칩 - AL, 57080-670, Brazil",
Condom칤nio Esmeralda,"AL-210, 654 - Conj. Bandeirante, Rio Largo - AL, 57100-000, Brazil",
Vert Paradiso Condo,"Av. Menino Marcelo, 7131 - Antares, Macei칩 - AL, 57083-410, Brazil",
Condom칤nio Residencial Recanto da Alegria,"Av. Prof. Paulo Bandeira, 07 - Nova Satuba, Satuba - AL, 57120-000, Brazil",(82) 99404-9386
Condom칤nio Residencial Riviera Del Mare,"Av. Brigadeiro Eduardo Gomes de Brito, n췈 1825 - Cruz das Almas, Macei칩 - AL, 57038-230, Brazil",
Condom칤nio Village da Alvorada,"Condom칤nio Village da Alvorada, 771 - Benedito Bentes, Macei칩 - AL, 57084-148, Brazil",(82) 99842-0026
Condom칤nio Boca da Grota,"Condom칤nio do Edif칤cio Boca da Grota - R. Des. Ten칩rio, 225 - Farol, Macei칩 - AL, 57050-050, Brazil",(82) 3221-0985
Condom칤nio Residencial Recanto das 츼guas,"Av. Em Projeto, Prefeito Ant칪nio Lins de Souza, 03, Rio Largo - AL, 57120-000, Brazil",
Condom칤nio Residencial Morada da Gar칞a,"AL-101 - Gar칞a Torta, Macei칩 - AL, 57020-970, Brazil",
Aldeia do Vale Residential,"Serraria, Macei칩 - State of Alagoas, 57046-566, Brazil",
Condom칤nio Residencial Germano Santos,"Av. Sebasti칚o Corr칡ia da Rocha, 635 - Tabuleiro do Martins, Macei칩 - AL, 57061-410, Brazil",(82) 3342-0574
Condo Villares I Eco,"Conj. Caraj치s II - Rua J, 75 - Serraria, Macei칩 - AL, 57046-480, Brazil",
Condom칤nio Horto Da Serraria,"Estr. do Gama, 1460 - Serraria, Macei칩 - AL, 57046-840, Brazil",
Condom칤nio L'Altopiano,"Av. Jorge Montenegro de Barros 1053, 3336 - Santa Am칠lia, Macei칩 - AL, 57063-883, Brazil",
Condom칤nio Para칤so dos Corais,"AL-101, 5232, Paripueira - AL, 57935-000, Brazil",(21) 99354-2732
Condom칤nio Residencial Recanto das Palmeiras,"Av. Em Projeto, Prefeito Ant칪nio Lins de Souza, 01, Rio Largo - AL, 57100-000, Brazil",
Condom칤nio Vista do Atl칙ntico,"Av. Jos칠 A칤rton Gondim Lamenha, 810 - S칚o Jorge, Macei칩 - AL, 57044-098, Brazil",
Condom칤nio Bosque dos Ip칡s,"R. S칚o Caetano, 86 - Benedito Bentes, Macei칩 - AL, 57084-079, Brazil",(82) 98706-3615
Condom칤nio Bosque das Ubaias,"R. S칚o Caetano, 175 - Benedito Bentes, Macei칩 - AL, 57084-079, Brazil",
Residential Condominium Sun Valley,"Av. Gov. Afr칙nio Lages, 80 - Farol, Macei칩 - AL, 57050-015, Brazil",(82) 99167-2264
Condominio Campo Belo,"Conj. Napoleao Viana, Rio Largo - State of Alagoas, 57100-000, Brazil",
Condom칤nio Bosque Das Palmeiras,"R. Vereador Jos칠 Raimundo dos Santos, 95 - Benedito Bentes, Macei칩 - AL, 57084-440, Brazil",
Condom칤nio Barra Bali Beach Service,"Av. Leonita Cavalcante, 26 - Alto de S칚o Marcos, Barra de S칚o Miguel - AL, 57180-000, Brazil",(82) 98841-0208
Munda칰 Condom칤nio Clube,"Av. Jorge Montenegro de Barros 1053, 1280 - Santa Am칠lia, Macei칩 - AL, 57063-000, Brazil",
Condom칤nio Residencial P치tio,"R. dos Pinhais, 150 - Antares, Macei칩 - AL, 57083-060, Brazil",(82) 99417-1300
Condom칤nio Laguna Heliport,"AL-101, 2074 - Lot. Clube Res., Mal. Deodoro - AL, 57160-000, Brazil",
Condom칤nio Jeune Ville,"Ipioca, Macei칩 - State of Alagoas, Brazil",
Condom칤nio Ambiente,"Everaldo Lopes (Antigo Porto Grande), Marechal Deodoro - State of Alagoas, 57160-000, Brazil",
Residencial Milano 2,"condom칤nio milano - Av. Napole칚o Viana, 2 - Conj. Bandeirante, Rio Largo - AL, 57100-000, Brazil",(82) 3313-3396
Residencial Porto Seguro,"Av. Enfermeira Noraci Pedrosa, 422 - Antares, Macei칩 - AL, 57083-060, Brazil",(82) 3354-0005
Residential Condominium Eden Rivers,"R. Dep. Jos칠 Lages, 1230 - Ponta Verde, Macei칩 - AL, 57035-330, Brazil",(82) 3327-0607
Condo Tarc칤sio de Jesus,"R. S칚o Francisco, 1491 - Ouro Preto, Macei칩 - AL, 57045-840, Brazil",(82) 3328-8654
Residencial Vila Madalena,"Av. Lourival Melo Mota, 13621 - Santos Dumont, Macei칩 - AL, 57075-000, Brazil",
Residencial San Francisco,"Av. Comendador Gustavo Paiva, 3438 - Mangabeiras, Macei칩 - AL, 57037-532, Brazil",
Condom칤nio Residencial Mangabeiras,"Av. Comendador Gustavo Paiva, 2220 - Mangabeiras, Macei칩 - AL, Brazil",
Residencial Set칰bal,"Conj. Tr칡s Irm칚os - Conj. Bandeirante, Rio Largo - AL, 57100-000, Brazil",
Residencial Bella Vista,"R. Condom칤nio Bella Vista, 451 - Jacintinho, Macei칩 - AL, 57040-780, Brazil",
Conjunto Citt치 Ant칪nio Lins,"Condom칤nio Citta Ant칪nio Lins - 1000, BR, 104, Brazil",
Residencial Maria Ten칩rio de Lima,"R. Jundi치, 366-A - Cana칚, Macei칩 - AL, 57080-050, Brazil",
Residencial L칰cio Costa,"Alameda Guiomar Omena, 697 - Petropolis, Macei칩 - AL, 57062-570, Brazil",
Residencial Arvoredo,"Conj. S칚o Jos칠, 108 - Conj. Bandeirante, Rio Largo - AL, 57100-000, Brazil",
Residencial Alto da Boa Vista,"R. Jose Fragoso de Omena, 1 - S칚o Jorge, Macei칩 - AL, 57044-131, Brazil",(82) 99418-1620
Residencial Monte Carlo,"Residencial Monte Carlo - Antares, Macei칩 - AL, 57083-062, Brazil",
Residencial Antares,"R. Des. Carlos de Gusm칚o, 344-472 - Santa L칰cia, Macei칩 - AL, 57083-410, Brazil",
Residencial Recanto das Estrelas,"Av. Ant칪nio Lisboa de Amorim, 524 - Cidade Universit치ria, Macei칩 - AL, 57074-215, Brazil",
Residencial Taquary,"Av. Pres. Fernando Afonso Collor de Mello, 1000 - Conj. Bandeirante, Rio Largo - AL, 57100-000, Brazil",
Residential II Passione,"R. Jos칠 Augusto Lessa, 110 - Cidade Universit치ria, Macei칩 - AL, 57072-800, Brazil",
Garden Ville Residencial,"R. Lourival de 츼guiar Pessoa - Serraria, Macei칩 - AL, Brazil",
Residencial Macei칩 1,"Res. Macei칩 I, QD N - Cidade Universit치ria, Macei칩 - AL, Brazil",
Residential Green Valley 1,"Travessa Presidente Get칰lio Vargas, 473 - Serraria, Macei칩 - AL, Brazil",(98) 7969-2120
Conjunto Residencial Tabuleiro dos Martins,"Av. Menino Marcelo, 1391 - Cidade Universit치ria, Macei칩 - AL, 57073-460, Brazil",(82) 3372-4203
游꺝Residencial Margarida游꺝,"R. Tres Ltm Terra de Utinga - Margarida Proc칩pio, Rio Largo - AL, 57120-000, Brazil",
Residencial Dom Helder C칙mara,"Av. Galba Novas de Castro, 881 - Petropolis, Macei칩 - AL, 57062-590, Brazil",(82) 99911-0023
Entremares Residencial,"Av. Penedo, 180 - Cruz das Almas, Macei칩 - AL, 57038-420, Brazil",
Residencial M치rio Peixoto ll,"Av. Eng. Corintho Campelo da Paz, 100 - Santos Dumont, Macei칩 - AL, 57075-440, Brazil",
Safira Residencial,"R. das Canas - Conj. Bandeirante, Rio Largo - AL, 57100-000, Brazil",
Residencial Parque Petr칩polis II,"R. de Acesso, 894 - Petropolis, Macei칩 - AL, 57062-592, Brazil",(82) 99665-7191
Residencial Alvorada,"R. em Projeto O, 673 - n춿 371 - Antares, Macei칩 - AL, 57048-164, Brazil",
Residencial Santa Lucia,"R. Des. Carlos de Gusm칚o, 314-342 - Santa L칰cia, Macei칩 - AL, 57083-410, Brazil",
Residencial Denison Amorim QD 49,"Rua Luc칤la Toledo - Cajueiro, Mal. Deodoro - AL, 57160-000, Brazil",
Residencial Gal치pagos,"Av. Belmiro Amorim, 26 - Santa L칰cia, Macei칩 - AL, 57082-000, Brazil",(82) 99953-0075
Residencial Lago Sul 3 B17,"Rancho Esp칤rito Santo, 2-28, Mal. Deodoro - AL, 57160-000, Brazil",
Kaa Residencial,"AL-101 - Jacarecica, Macei칩 - AL, 57038-640, Brazil",
RESIDENCIAL PARQUE RIO RESIDENCE,"R. Dr. Juvino Lins Lira, 255 - Pref Ant칪nio L Souza, Rio Largo - AL, 57100-000, Brazil",
Residencial Andaluz,"R. Santa Am치lia, 40 - S칚o Jorge, Macei칩 - AL, 57044-020, Brazil",(82) 98819-7605
Residencial Allegro - Bloco 4,"Av. Sebasti칚o Corr칡ia da Rocha - Tabuleiro do Martins, Macei칩 - AL, 57061-190, Brazil",(82) 99180-3773
Residencial Recanto dos Coqueirais,"Recanto dos Coqueirais, Satuba - AL, 57120-000, Brazil",
Residencial ALPHA JARDINS,"Av. Jos칠 Manh칚es, Rio Largo - AL, 57100-000, Brazil",(82) 3026-7956
Residencial Parque Para칤so das 츼guas,"Av. Dr. Milton H칡nio Netto De Gouveia, 288 - Antares, Macei칩 - AL, 57048-719, Brazil",
Residencial Coitadol칙ndia,"Av. Napole칚o Viana - Loteamento Vila Rica, Rio Largo - AL, 57100-000, Brazil",
Condominio Residencial Shagril치 3,"R. Dr. Francisco Gazaneo, 282 - Feitosa, Macei칩 - AL, 57042-270, Brazil",(82) 99920-0500
Residencial Mont Serrat,"R. Cla칰dia - Conj. Bandeirante, Rio Largo - AL, 57100-000, Brazil",
Residencial Orion Antares,"R. Profa. Olindina Pereira da Silva, 119 - Antares, Macei칩 - AL, 57083-170, Brazil",
Condom칤nio Residencial Recanto dos Vales,"Av. Prof. Paulo Bandeira, 13 - Centro, Satuba - AL, 57120-000, Brazil",(82) 99429-2091
"Condom칤nio Residencial Recanto das Lagoas, rua B 51","Av. Prof. Paulo Bandeira, 06, Satuba - AL, 57120-000, Brazil",
Residencial Vila Do Sol Durville,"Av. 14 Osman, R. Seis, 157 - Clima Bom, Macei칩 - AL, 57071-230, Brazil",
Residencial San Nicolas,"Condom칤nio San Nicolas - Serraria, Macei칩 - AL, 57046-360, Brazil",(82) 3317-5521
Condom칤nio Reserva do Vale,"Av. Menino Marcelo, 2700 - Barro Duro, Macei칩 - AL, 57046-410, Brazil",
GRAND JARDIM DOS PINHEIROS,"Loteamento, Av. Grand Jardim - Cidade Universit치ria, Macei칩 - AL, 57072-256, Brazil",(82) 99955-1779
Condom칤nio Enseada da Lagoa,"Av. Anat칩lio de Oliveira, 15, Mal. Deodoro - AL, 57160-000, Brazil",
Condom칤nio Residencial Napoli,"R. Jo칚o Paulo II, 21 - Conj. Bandeirante, Rio Largo - AL, 57100-000, Brazil",
Condom칤nio S칚o Domingos,"R. A, 428-692 - Jacintinho, Macei칩 - AL, 57040-690, Brazil",
Jardim do Horto II,"R. Cedro, 73 - Gruta de Lourdes, Macei칩 - AL, 57052-820, Brazil",
Condominium Corner Of Colors,"residencial recanto das cores - Benedito Bentes, Macei칩 - AL, 57084-142, Brazil",(82) 98809-4528
Melville,"R. Dr. Manoel Machado, 5 - Santa Am칠lia, Macei칩 - AL, 57070-020, Brazil",
Residencial Rancho Bom,"R. Hilda de Pereira Monte - Petropolis, Macei칩 - AL, 57062-585, Brazil",
Alta Vista 1 - Barra de S칚o Miguel,"R. Sd. Seis, Barra de S칚o Miguel - AL, 57180-000, Brazil",(82) 99331-7977
Condom칤nio Altavistta,"Barra de S칚o Miguel - State of Alagoas, 57180-000, Brazil",(82) 3272-1159
Condom칤nio Morada dos Palmares,"R. Banc치rio Antenor Bitencourt - Tabuleiro do Martins, Macei칩 - AL, 57061-170, Brazil",
Graciliano condominium Park,"R. Nilson Urias, 172 - Cidade Universit치ria, Macei칩 - AL, 57073-342, Brazil",(82) 99694-4348
Condom칤nio Praia De 츼guas Mansas,"708, R. da Igreja, 698, Paripueira - AL, 57935-000, Brazil",
Residencial Brisa do Vale,"Av. Pres. Get칰lio Vargas, 1831 - Serraria, Macei칩 - AL, 57046-840, Brazil",(82) 3316-0750
Condominio Reserva dos Milagres.,"S칚o Miguel dos Milagres - State of Alagoas, 57940-000, Brazil",
Condom칤nio Porto Milazzo,"R. do Aurelino, 1464 - Tabuleiro do Pinto, Rio Largo - AL, 57100-000, Brazil",(82) 98221-6013
Condo Grand Bahamas,"Quebra Cachimbo, Barra de S칚o Miguel - State of Alagoas, 57180-000, Brazil",(82) 3272-1846
Santa Cec칤lia Residence,"R. P칪rto Grande, 153 - Estiva, Mal. Deodoro - AL, 57160-000, Brazil",(82) 98148-3693
GRAND JARDIM DOS ANT칔RIOS,"Residencial Grand Jardim Dos Ant칰rios 275 CEP 57072-471 - Cidade Universit치ria, Macei칩 - AL, Brazil",(82) 99380-1397
GRAND JARDIM DOS GIRASS칍IS,"R. Dr. Cleantho de Moura Rizzo, 122 - Cidade Universit치ria, Macei칩 - AL, 57072-815, Brazil",
Residencial Bosque Da Serraria,"R. Gen. Jo칚o Jos칠 Batista Tubino, 66-168 - Serraria, Macei칩 - AL, 57046-080, Brazil",
Resid칡ncial Paradiso II,"R. Nova, 257 - Conj. Bandeirante, Rio Largo - AL, 57100-000, Brazil",(82) 98743-4763
Residencial Porto Grande II,"R. Vila Altina, 316 - Everaldo Lopes (Antigo Porto Grande), Mal. Deodoro - AL, 57160-000, Brazil",
Condom칤nio Bosque Das Bromelias,"R. Luiz Vieira dos Anjos - Serraria, Macei칩 - AL, 57046-480, Brazil",
Orion Residence,"R. Ariosvaldo Pereira Cintra - Serraria, Macei칩 - AL, 57046-295, Brazil",
Condom칤nio Grand Jardim Pau Brasil,"Cidade Universit치ria, Macei칩 - State of Alagoas, Brazil",(82) 99398-6034
Condom칤nio Bosque dos Coqueiros,"R. Profa. No칡mia Gama Ramalho, 55 - Jacarecica, Macei칩 - AL, 57038-620, Brazil",
Condo Grand Cayman,"Quebra Cachimbo, Barra de S칚o Miguel - State of Alagoas, 57180-000, Brazil",(82) 99643-4151
GRAND JARDIM DOS FLAMBOYANTS,"Av. Dr. Manoel Valente de Lima, 175 - Cidade Universit치ria, Macei칩 - AL, 57072-259, Brazil",
Condom칤nio Residencial Green Park,"C86H+G8 - Guaxuma, Macei칩 - AL, Brazil",
Residential Garden of Ip칡s,"Av. Dr. Manoel Valente de Lima, 132 - Cidade Universit치ria, Macei칩 - AL, 57072-245, Brazil",
Residencial P치tio Alvorada,"R. Santa Mariana, 821 - Antares, Macei칩 - AL, 57083-060, Brazil",
Iloa Residence,"R. Bm Setenta e Sete, 190 - Pia칞avas, Barra de S칚o Miguel - AL, 57180-000, Brazil",
Edificio Torre Norte,"Av. Comendador Gustavo Paiva, 5216 - Cruz das Almas, Macei칩 - AL, Brazil",(82) 98855-0224
Residencial Torres de Trindade,"R. Gov. Francisco Mello - Antares, Macei칩 - AL, 57083-112, Brazil",(82) 99311-5149
Macei칩 Facilities Torre Blue,"Rua Dr. Pompeu Sarmento, 778-850 - Ponta Verde, Macei칩 - AL, 57035-340, Brazil",
Ed. Las Torres,"R. Jos칠 Carneiro da Cunha Sarmento, 111 - Jati칰ca, Macei칩 - AL, 57036-630, Brazil",
Carpe Diem Residencial Clube,"Rua do Sabor de Minas, LT10 QD B - Praia do Franc칡s, Mal. Deodoro - AL, 57160-000, Brazil",(82) 4141-9595
Lagoa Manguaba Condom칤nio Clube,"Av. Jorge Montenegro de Barros 1053, 1218 - Santa Am칠lia, Macei칩 - AL, 57063-000, Brazil",
Residencial Vale Verde Clube II,"Travessa Presidente Get칰lio Vargas, 500 - Serraria, Macei칩 - AL, 57046-300, Brazil",
Lot. Clube Res.,"Lot. Clube Res., Marechal Deodoro - State of Alagoas, 57160-000, Brazil",
Edif칤cio Ana lins,"R. Dep. Jos칠 Lages, 658 - Ponta Verde, Macei칩 - AL, 57035-330, Brazil",
Grand P치tio Club Residence I,"Rua 10, Conj. Village Campestre, I, 03 - Cidade Universit치ria, Macei칩 - AL, 57073-031, Brazil",
Fergus Club Residence,"Av. Pio XII, 453 - Jati칰ca, Macei칩 - AL, 57035-560, Brazil",(82) 99951-1998
Grand P치tio Club Residence II,"Av. Menino Marcelo, 2091 - Cidade Universit치ria, Macei칩 - AL, 57073-470, Brazil",
Residencial Clube Atalaia,"R. Francisco Rab칡lo Leite Neto, 500 - Atalaia, Aracaju - SE, 49037-240, Brazil",(79) 99821-1857
Condom칤nio Riviera Francesa,"AL-215, 4073 - Lot. Trevo do Frances, Mal. Deodoro - AL, 57160-000, Brazil",(82) 99666-2256
Dellavia Park Club,"Av. Muniz Falc칚o, 375 - Barro Duro, Macei칩 - AL, 57045-300, Brazil",(82) 99100-4782
Condom칤nio Sueca Residence Club,"R. Jardim Bras칤lia - Uni칚o dos Palmares, AL, 57800-000, Brazil",
Dom Pietro Residencial Beach Club,"Rua S칚o Pedro, 710 - Gar칞a Torta, Macei칩 - AL, 57039-020, Brazil",(82) 98851-8128
Residencial Clube do Parque,"Av. Cap. Joaquim Martins Fontes, 324 - Farol칙ndia, Aracaju - SE, 49032-016, Brazil",
Doj칪 Eline Rozendo,"Condom칤nio Residencial Recanto dos Rios - Nova Satuba, Satuba - AL, 57120-000, Brazil",(82) 99952-7886
Hibiscus Beach Club | Macei칩,"Residencial Angra de Ipioca, AL-101 - Ipioca, Macei칩 - AL, 57039-705, Brazil",(82) 3142-0910
"AL-101, 5000 - Loteamento Clube Residencial, AL, Brasil","Marechal Deodoro - State of Alagoas, 57160-000, Brazil",
Residencial Denison Amorim,"Fazenda Barreiros, Marechal Deodoro - State of Alagoas, 57160-000, Brazil",
Residential Vita Club,"R. Jorge de Lima, 245 - Imbiribeira, Recife - PE, 51160-070, Brazil",(81) 3031-3952
Park Shopping Residencial,"Av. Menino Marcelo, 140 - BL 01, AP 102 - Cidade Universit치ria, Macei칩 - AL, 57073-470, Brazil",(82) 99111-5600
Edif칤cio Lyon,"R. Sen. Rui Palmeira, 730 - Ponta Verde, Macei칩 - AL, 57035-250, Brazil",
Condominio Vista Lagoa,"Rod. Dr. Ib Gatto Marinho Falc칚o, 8023 - Barra Nova, Mal. Deodoro - AL, 57160-000, Brazil",
Condom칤nio Barra nova,"R. Beira da Lagoa, 66, Mal. Deodoro - AL, 57160-000, Brazil",
Casa Grande Angra de Ipioca,"Residencial Angra de Ipioca, 1111 - Qd D Lote 14 - Ipioca, Macei칩 - AL, 57039-700, Brazil",(82) 98830-4006
Mercado 101,"Rod. Dr. Ib Gatto Marinho Falc칚o - Lot. Clube Res., Mal. Deodoro - AL, 57160-000, Brazil",
Grand P치tio Club Residence 1,"Rua Em Projeto, 10 - Cidade Universit치ria, Macei칩 - AL, 57083-410, Brazil",
Residencial Clube Jardins,"R. Lourival Chagas, 143 - Grageru, Aracaju - SE, 49025-390, Brazil",(79) 3041-7028
Condom칤nio Residencial Club Gameleira,"Av. Siqueira Campos, 940-1030, S칚o Jos칠 da Coroa Grande - PE, 55565-000, Brazil",
Edif칤cio Piet Mondrian,"R. S칚o Francisco de Assis, 340A - Jati칰ca, Macei칩 - AL, 57035-680, Brazil",
Edif칤cio Mirante Garden,"R. Esther Silveira Costa, 18 - Farol, Macei칩 - AL, 57051-100, Brazil",
Residencial Clube do Autom칩vel,"Rua Nossa Senhora da Sa칰de, 551 - Cordeiro, Recife - PE, 50731-020, Brazil",
Ipioca Beach Residence,"AL-101, 649 - Residence - Ipioca, Macei칩 - AL, 57039-700, Brazil",0800 591 2454
Tio Paulo,"AL-101 - Lot. Clube Res., Mal. Deodoro - AL, 57160-000, Brazil",(82) 98153-8069
Residencial Acquaville portaria 2,"AL-101, 1251, Paripueira - AL, 57935-000, Brazil",(82) 99635-3764
Reserva Porangatu,"AL-101, Passo de Camaragibe - AL, 57930-000, Brazil",(82) 3313-9870
HYPERVANSE LTDA,"R. Dep. Jos칠 Lages, 1139 - Ponta Verde, Macei칩 - AL, 57035-330, Brazil",
Condom칤nio Residencial Club Gameleira,"PE-060, 85, S칚o Jos칠 da Coroa Grande - PE, 55565-000, Brazil",
Edif칤cio Cadoz,"Av. Brigadeiro Eduardo Gomes de Brito, 1517 - Cruz das Almas, Macei칩 - AL, 57038-230, Brazil",(82) 3235-2544
More Residential Club,"R. Prof. Henrique Costa, 950 - Pechincha, Rio de Janeiro - RJ, 22770-234, Brazil",(21) 3546-1467
Condom칤nio Jardins do Frio,"R. Veneza, 110 - Centro, Paulista - PE, 53401-105, Brazil",
Edif칤cio Studio Design 2 - Tannat,"Rua Professora Nadyr Maia Gomes Rego, 158 - Jati칰ca, Macei칩 - AL, 57036-760, Brazil",
Cond. Vivence Islands,"R. Luiz Vieira dos Anjos, 208 - Serraria, Macei칩 - AL, 57046-831, Brazil",
Aqua Clube Residencial,"R. Cl칩vis Faustino dos Santos - Malvinas, Campina Grande - PB, Brazil",
Edificio Kairos,"R. 츼ureliano Teixeira de Vasconcelos, 65 - Jati칰ca, Macei칩 - AL, 57036-430, Brazil",
Edif칤cio Racine,"Av. Jos칠 A칤rton Gondim Lamenha, 541 - S칚o Jorge, Macei칩 - AL, 57038-570, Brazil",
Aqua Clube Residencial,"R. Manila, 90 - Estrela Dalva, Belo Horizonte - MG, 30575-010, Brazil",(31) 3378-3449
Ethos Residence,"Av. Eraldo Lins Cavalcante, 228 - Serraria, Macei칩 - AL, Brazil",
Recanto do Angra,"Residencial Angra de Ipioca, AL-101, N - Ipioca, Macei칩 - AL, 57039-700, Brazil",(82) 99907-2025
Casa Charmosa Ipioca,"Residencial Angra de - AL-101, 1111 - Ipioca, Macei칩 - AL, 57039-700, Brazil",(82) 99682-7732
Condom칤nio Ant칪nio Coutinho,"R. S칚o Francisco, 1504 - Ouro Preto, Macei칩 - AL, 57045-838, Brazil",(82) 99628-0078
Building Monte Paradiso,"Condom칤nio Ed. Monte Paradiso - R. Dr. Ant칪nio Cansan칞칚o, 380 - Ponta Verde, Macei칩 - AL, 57035-190, Brazil",
Condom칤nio Varandas do Alto,"Av. Aristeu de Andrade, 370 - Farol, Macei칩 - AL, 57051-090, Brazil",
Condom칤nio Pier 640,"Av. Walter Ananias, 656 - Po칞o, Macei칩 - AL, 57025-510, Brazil",
Residencial Varandas do Horto,"R. Ant칪nio Barbosa, 23 - Gruta de Lourdes, Macei칩 - AL, 57052-710, Brazil",
Edif칤cio New Life,"R. Dr. Ant칪nio Cansan칞칚o, 92 - Ponta Verde, Macei칩 - AL, 57035-190, Brazil",(82) 99431-1847
Edif칤cio Jos칠 Aprigio Vilela,"Av. Prof. Vital Barbosa, 268 - Ponta Verde, Macei칩 - AL, 57035-400, Brazil",(82) 3235-6620
Residencial Bosque das Casuarinas,"Av. Geraldo Bulh칫es, 95 - Benedito Bentes, Macei칩 - AL, 57085-060, Brazil",
Residencial Mirante da Lagoa,"Av. Jorge Montenegro de Barros 1053, 3200 - Santa Am칠lia, Macei칩 - AL, 57063-000, Brazil",
Edif칤cio Cote D'Azur Apartamento Beira Mar Macei칩,"Av. 츼lvaro Otac칤lio, 3567 - Sala 08 - Jati칰ca, Macei칩 - AL, 57035-180, Brazil",(82) 3231-8682
Residencial Grand Planalto,"R. Joao Vieira Chagas, 695 - Serraria, Macei칩 - AL, Brazil",(82) 99951-0080
Edif칤cio Monte Volpine,"R. Durval Guimar칚es, 941 - Ponta Verde, Macei칩 - AL, 57035-060, Brazil",(82) 99911-4548
Residencial Jardim Primavera,"R. Santa Mariana, 242 - Antares, Macei칩 - AL, 57083-630, Brazil",
Edif칤cio Grand Parc Farol,"Av. Dom Ant칪nio Brand칚o, 384 - Farol, Macei칩 - AL, 57051-190, Brazil",
Edif칤cio Bossa Nova,"Av. Dr. Ant칪nio Gomes de Barros, 79 - Jati칰ca, Macei칩 - AL, 57036-000, Brazil",(82) 3027-7938
Edif칤cio Piazza D'Italia,"R. Ruthe Reis, 79 - Po칞o, Macei칩 - AL, 57025-891, Brazil",
Residential Garden Siena,"258 060, Av. Cel. Salustiano Sarmento, 60 - CEP 57.044-060 - S칚o Jorge, Macei칩 - AL, 57044-060, Brazil",
Edif칤cio Race,"Av. Jos칠 A칤rton Gondim Lamenha, 26 - S칚o Jorge, Macei칩 - AL, 57044-098, Brazil",(82) 99604-0041
Edif칤cio Maria Clara Nobre,"R. 칈ris Alagoense, 281 - Farol, Macei칩 - AL, 57051-370, Brazil",
Condominio Alamedas das Mangabeiras,"Av. Dr. Mario Nunes Vi칡ira, 900 - Mangabeiras, Macei칩 - AL, 57037-580, Brazil",(82) 98842-1579
Condom칤nio Parque das Mangueiras,"R. Estat칤stico Teixeira de Freitas, 246 - Pinheiro, Macei칩 - AL, 57055-660, Brazil",(82) 98131-9256
Edif칤cio Fiori,"R. Dr. Lu칤s de Mascarenhas, 160 - Farol, Macei칩 - AL, 57055-030, Brazil",(82) 3316-4958
Residencial Ib Gatto Falc칚o,"Av. Dom Ant칪nio Brand칚o, 239 - b apto - Farol, Macei칩 - AL, 57051-190, Brazil",
Edif칤cio Rayon,"Av. Prof. Sandoval Arroxelas, 295 - Ponta Verde, Macei칩 - AL, 57035-230, Brazil",(82) 3231-3045
Varandas do Parque,"Av. Tancredo Neves, 335 - Santos Dumont, Macei칩 - AL, 57075-560, Brazil",
Condom칤nio Paulino I,"Av. Muniz Falc칚o, 205 - apt 203 bloco B - Barro Duro, Macei칩 - AL, 57045-000, Brazil",
Condo Pier 750,"Rua Dr. Zeferino Rodrigues, 315 - Po칞o, Macei칩 - AL, 57025-043, Brazil",
Condom칤nio Morada das Artes,"R. Maria Ramos de Lima, 72 - Antares, Macei칩 - AL, 57048-360, Brazil",
Residencial Jardim Macei칩,"Rua das mangueiras, 50 - Cidade Universit치ria, Macei칩 - AL, 57074-090, Brazil",
Aldepark,"R. da Nise da Silveira, 45 - Antares, Macei칩 - AL, 57048-359, Brazil",(82) 98704-7610
Residencial Park Boa Vista,"Rua Coronel - R. Ebenezer de Oliveira Frias, 368 - S칚o Jorge, Macei칩 - AL, 57044-130, Brazil",
Ritz Residence,"R. Padre Luiz Am칠rico Galv칚o, 23 - Lagoa da Anta, Macei칩 - AL, 57038-140, Brazil",(82) 2121-4160
Edif칤cio Santorini,"Av. Dr. Jos칠 Sampaio Luz, 1266 - Ponta Verde, Macei칩 - AL, 57035-260, Brazil",(82) 3235-5744
Condom칤nio Arnon de Mello Quadra 2. ENTRADA A,"Tv. Isabelle Gondim Lima - Jati칰ca, Macei칩 - AL, 57025-263, Brazil",
Condom칤nio Residencial Artem칤sia - Portaria A,"R. Sen. Rui Palmeira, 26 - Feitosa, Macei칩 - AL, 57043-140, Brazil",
Condom칤nio Residencial Artem칤sia . Portaria B,"R. Sen. Rui Palmeira, 1359 - Feitosa, Macei칩 - AL, 57043-200, Brazil",(82) 98873-6355
Terraces Condominium Da Barra,"R. Jos칠 Vieira de Andrade, 328 - Alto de S칚o Marcos, Barra de S칚o Miguel - AL, 57180-000, Brazil",(82) 99100-4782
Condom칤nio Morada das 츼rvores,"R. Prof. Jos칠 da Silveira Camerino, 290 - Pinheiro, Macei칩 - AL, 57055-630, Brazil",
Condominio Arnon de Mello Quadra 2 ENTRADA B,"R. Sd. Eduardo dos Santos - Jati칰ca, Macei칩 - AL, 57035-676, Brazil",
Firenze Villagio condo,"Av. Comendador Gustavo Paiva, 5115 - Cruz das Almas, Macei칩 - AL, 57038-000, Brazil",(82) 3325-4255
Vila Caiena - S칚o Miguel dos Milagres,"Beverly Hills, 37, S칚o Miguel dos Milagres - AL, 57940-000, Brazil",(82) 98878-5872
Residencial Praias Belas,"R. Silva Sampaio, 200 - Po칞o, Macei칩 - AL, 57025-060, Brazil",
Residencial Cidade Jardim,"818, Av. Macei칩, 397 - Tabuleiro do Martins, Macei칩 - AL, 57061-110, Brazil",
Villa Kanui,"Beverly Hills, 2 - Rural, S칚o Miguel dos Milagres - AL, 57960-000, Brazil",
Residencial Canto dos P치ssaros,"R. Zacarias de Azevedo, 1005 - Prado, Macei칩 - AL, 57010-190, Brazil",
Residencial Good Life,"Residencial Good Life - R. Mal. Ant칪nio Guedes Muniz, 121 - Jati칰ca, Macei칩 - AL, 57036-670, Brazil",(82) 3311-9831
Complexo de Apartamento Portal da Gruta,"R. Durval Gomes de Melo, 17 - Gruta de Lourdes, Macei칩 - AL, 57052-885, Brazil",
Residencial Oiticica 2 658,"R. Joana Darc, 299 - Benedito Bentes, Macei칩 - AL, 57073-510, Brazil",
Open Door Apartamentos por Temporada,"R. Gen. Jo칚o Saleiro Pit칚o - Ponta Verde, Macei칩 - AL, 57035-210, Brazil",(82) 99632-4494
Residencial Mata dos Colibris,"R. S칚o Luiz, 400 - Petropolis, Macei칩 - AL, 57062-760, Brazil",
Studio Design 3 - Lions,"R. Geraldo Patury Accioly, 110 - Paju칞ara, Macei칩 - AL, 57030-005, Brazil",(82) 99326-9373
Residencial Sierra Park,"R. Adolfo Gustavo, 316 - Serraria, Macei칩 - AL, 57046-341, Brazil",(82) 99157-8074
Condom칤nio Residencial Jardins Alvorada 2,"R. Braulio Feliciano - Tabuleiro do Martins, Macei칩 - AL, 57081-020, Brazil",
Edif칤cio Sky Concept,"R. Comerc. Jos칠 Pontes de Magalh칚es, 222 - Jati칰ca, Macei칩 - AL, 57036-250, Brazil",(82) 98235-0101
Vila Naval,"Av. Walter Ananias, 734 - Jaragu치, Macei칩 - AL, 57025-510, Brazil",
Residencial maravilha,"Av. Prof. Santos Ferraz, 213 - Po칞o, Macei칩 - AL, 57025-040, Brazil",
Residencial Ant칪nio Rocha,"Tv. da Floresta, 213 - Tabuleiro do Martins, Macei칩 - AL, 57060-082, Brazil",
Edif칤cio Venusia Oliveira,"Rua Paulina Maria de Mendon칞a, 1238 - Mangabeiras, Macei칩 - AL, 57035-557, Brazil",(82) 99977-0031
Condom칤nio Residencial Allegro,"Av. Sebasti칚o Corr칡ia da Rocha, 1113 - Tabuleiro do Martins, Macei칩 - AL, 57061-410, Brazil",(82) 98733-8374
Edif칤cio Horto Boulevard,"R. Azarias de Carvalho Gama, 310 - Gruta de Lourdes, Macei칩 - AL, 57052-800, Brazil",
Conjunto Parque dos Caet칠s,"Av. Caet칠s, 163 - Benedito Bentes, Macei칩 - AL, 57086-478, Brazil",(82) 99415-4355
Edif칤cio Liv Residence,"Av. Prof. Vital Barbosa, 769 - Ponta Verde, Macei칩 - AL, 57035-400, Brazil",
Residencial Vista Do Mar,"R. Des. Ten칩rio, 226 - Farol, Macei칩 - AL, 57050-050, Brazil",
Condominio Parque Barra Grande,"Av. Dr. Milton H칡nio Netto De Gouveia, 550 - Antares, Macei칩 - AL, 57083-410, Brazil",
Edif칤cio New Time,"Av. Dr. Ant칪nio Gouveia, 23 - Paju칞ara, Macei칩 - AL, 57030-170, Brazil",
Residencial Alameda Paju칞ara,"F775+63 - Benedito Bentes, Macei칩 - AL, 57085-590, Brazil",
Edif칤cio Mandala,"Condom칤nio do Edif칤cio Mandala - R. Eng. M치rio de Gusm칚o, 316 - Ponta Verde, Macei칩 - AL, 57035-000, Brazil",(82) 3377-3648
Conjunto Residencial S칚o Francisco,"Rio Novo, Macei칩 - State of Alagoas, Brazil",
Edif칤cio Sorrento,"Ed Sorrento - R. Hugo Corr칡a Paes, 660 - Gruta de Lourdes, Macei칩 - AL, 57052-827, Brazil",
Residencial industrial Luiz dos Anjos,"R. Luiz Vieira dos Anjos, 600 - Serraria, Macei칩 - AL, 57046-831, Brazil",(82) 99983-8981
Edf Cadore,"R. Sen. Rui Palmeira, 260 - Ponta Verde, Macei칩 - AL, 57035-250, Brazil",(82) 99957-0378
Mah칤 Patacho,"57945, 000 - Porto de Pedras, AL, 57945-000, Brazil",(11) 93355-1800
Edif칤cio Maria Bernadete Sampaio,"R. Walfrido Rocha, 181 - Jati칰ca, Macei칩 - AL, 57036-800, Brazil",(82) 99673-3332
"CONJUNTO MEDEIROS NETO I, SANTA AMELIA, MACEIO AL","Cj. Medeiros Neto - Santa Am칠lia, Macei칩 - AL, 57061-620, Brazil",
Villa do Sossego,"Riacho Doce, 46 - Riacho Doce, Macei칩 - AL, 57039-230, Brazil",
Residencial Diana Simon,"Av. Jorge Montenegro de Barros 1053, 374 - Santa Am칠lia, Macei칩 - AL, Brazil",
Conjunto Castelo Branco,"Tv. Santo Amaro, 335 - Jati칰ca, Macei칩 - AL, 57037-970, Brazil",
Conjunto Macei칩 1,"Av Jos칠 Moura Rocha, 3i - Cidade Universit치ria, Macei칩 - AL, Brazil",
Edif칤cio Goiti,"Jati칰ca, Macei칩 - State of Alagoas, Brazil",
Residencial Erick Ferraz,"Poeira, Marechal Deodoro - State of Alagoas, 57160-000, Brazil",
Condom칤nio Arte Vida 2,"Av. Pres. Get칰lio Vargas, 159 - Serraria, Macei칩 - AL, 57046-140, Brazil",
Condom칤nio Residencial Aquarius,"R. Apol칪nia Rocha dos Santos, 20 - Jacintinho, Macei칩 - AL, 57042-040, Brazil",
Condom칤nio Residencial Bernardo Oiticica,"Av. Sebasti칚o Corr칡ia da Rocha - Tabuleiro do Martins, Macei칩 - AL, 57061-410, Brazil",
Infinity Coast,"Av. Comendador Gustavo Paiva, 6255 - Jacarecica, Macei칩 - AL, 57038-000, Brazil",
Edif칤cio Lugano,"Rua Estudante Ubiracy Norberto Joazeiro de Farias Costa, 61 - Jati칰ca, Macei칩 - AL, 57036-610, Brazil",
Edif칤cio Palais de Versailles,"R. Jos칠 de Alencar, 291 - Farol, Macei칩 - AL, 57051-565, Brazil",(82) 3336-2470
Vila do dudu,"R. C | Sessenta e Um, 50 - Benedito Bentes, Macei칩 - AL, 57085-059, Brazil",
Jardins do Parque,"Av. Comendador Gustavo Paiva, 4056-4170 - Cruz das Almas, Macei칩 - AL, 57038-635, Brazil",
Condom칤nio Mirante das Estrelas,"Cruz das Almas, Macei칩 - State of Alagoas, Brazil",
Edif칤cio Vit칩ria,"R. Gaspar Ferrari, 104 - Ponta Verde, Macei칩 - AL, 57035-100, Brazil",
Edif칤cio Aruba,"R. Mal. Ant칪nio Guedes Muniz, 47 - Jati칰ca, Macei칩 - AL, 57036-670, Brazil",(82) 3235-6483
Edif칤cio Melillas,"R. Est. Jader Iz칤dio Malta de Ara칰jo, 37 - Jati칰ca, Macei칩 - AL, 57036-610, Brazil",
"Conjunto Castelo Branco, quadra 13, bloco D","Av. Dr. Ant칪nio Gomes de Barros, 495A - Jati칰ca, Macei칩 - AL, 57036-004, Brazil",
Conjunto Clim칠rio Sarmento - Bloco 9,"R. Francisco Alves Mata - Jati칰ca, Macei칩 - AL, 57036-180, Brazil",
Green Village Residence,"Avenida General Luiz de Fran칞a Albuquerque Rodovia AL 101 Norte), 10030, Guaxuma, Macei칩/AL CEP:, Macei칩 - AL, 57038-800, Brazil",
Edif칤cio Maison Jardins de Provence,"R. Dan칰sia de Menezes Brand칚o Ayres, 61 - Gruta de Lourdes, Macei칩 - AL, 57052-620, Brazil",
Condom칤nio Mar Atl칙ntico,"R. das Algas, 215 - Praia do Franc칡s, Mal. Deodoro - AL, 57160-000, Brazil",(82) 99172-5983
Edif칤cio Praia Bonita,"Cruz das Almas, Macei칩 - State of Alagoas, 57038-240, Brazil",
Edf. Studio Design,"Rua Luiz Campos Teixeira, 1194 - Ponta Verde, Macei칩 - AL, 57035-290, Brazil",(82) 3131-1505
Edif칤cio Vista Verde,"Edif칤cio Vista Verde - Loteamento Monte Verde, Q. B e C, 23 - Antares, Macei칩 - AL, 57081-390, Brazil",
Edif칤cio Maison de Provence,"Av. Des. Valente de Lima, 1014 - Mangabeiras, Macei칩 - AL, 57037-595, Brazil",(82) 98809-5163
Edif칤cio Atmosphera,"Av. Dr. Mario Nunes Vi칡ira, 297 - Jati칰ca, Macei칩 - AL, 57035-553, Brazil",
Edif칤cio Montmartre,"Tv. Ant칪nio Maciel de Oliveira, 853 - Ponta Verde, Macei칩 - AL, 57035-280, Brazil",
Edif칤cio Marly Coimbra,"R. Jo칚o Can칰to da Silva, 202 - Cruz das Almas, Macei칩 - AL, 57038-300, Brazil",(82) 99981-8870
Apartamentos Mobiliados,"Av. Walter Ananias, 500 - Jaragu치, Macei칩 - AL, 57022-063, Brazil",(82) 99644-8733
Residencial e Comercial Garden,"Tv. Sizenando Amorim, 2-82 - Lot. Jose Alves, S칚o Miguel dos Campos - AL, 57240-000, Brazil",
Edif칤cio Piat칚,"R. Dep. Jos칠 Lages, 246 - Ponta Verde, Macei칩 - AL, 57035-330, Brazil",
Edif칤cio Place Des Vosges,"Rua H칠lio Pradines, 776 - Ponta Verde, Macei칩 - AL, 57035-370, Brazil",
Flat Mobiliado Macei칩,"R. Dr. Ant칪nio Cansan칞칚o, 575 - Ap 406 - Ponta Verde, Macei칩 - AL, 57051-370, Brazil",(82) 99129-1301
Maison D' 칄lys칠es,"R. Durval Guimar칚es, 438 - Ponta Verde, Macei칩 - AL, 57035-060, Brazil",
Condom칤nio Solar do Vale,"R. Zacarias de Azevedo, 597 - Pitanguinha, Macei칩 - AL, 57052-240, Brazil",
Condom칤nio Dona Zez칠,"R. Cel. Lima Rocha, 1410 - Farol, Macei칩 - AL, 57055-400, Brazil",
Edif칤cio Rio Negro,"Av - Av. Prof. Sandoval Arroxelas, 927 - Ponta Verde, Macei칩 - AL, 57035-230, Brazil",
Edif칤cio Vila Toscana,"R. Dan칰sia de Menezes Brand칚o Ayres, 147 - Gruta de Lourdes, Macei칩 - AL, 57052-875, Brazil",
Ed. Village Le Baron,"R. Bar칚o Jos칠 Miguel, 126 - Farol, Macei칩 - AL, 57055-160, Brazil",
Edif칤cio Marseille,"Av. Jo칚o Davino, 306 - Jati칰ca, Macei칩 - AL, 57035-554, Brazil",
Marclar,"R. Elias Ramos de Ara칰jo, 96 - Cruz das Almas, Macei칩 - AL, 57038-230, Brazil",(75) 99139-5517
Edif칤cio Sergio IV,"R. Fl치vius Durval Lessa Braga, 08 B - Mangabeiras, Macei칩 - AL, 57037-573, Brazil",
Edif칤cio Dulce Ten칩rio,"R. Jos칠 de Alencar, 102 - Farol, Macei칩 - AL, 57051-565, Brazil",(82) 98137-6709
Edif칤cio Place Vend칪me,"Av. Prof. Sandoval Arroxelas, 58 - Ponta Verde, Macei칩 - AL, 57035-230, Brazil",
Edif칤cio Marieta Maia,"R. Dez de Novembro, 58 - Pitanguinha, Macei칩 - AL, 57052-220, Brazil",
Edif칤cio Promenade,"Rua Prefeito Abdon Arroxelas, 230 - AP 502 - Ponta Verde, Macei칩 - AL, 57035-380, Brazil",(82) 99114-1445
Edificio S칚o Ger칪nimo,"Po칞o, Macei칩 - State of Alagoas, 57035-687, Brazil",
Edif칤cio Chamb칠ry,"Rua H칠lio Pradines, 783 - Ponta Verde, Macei칩 - AL, 57035-220, Brazil",
Edif칤cio Papillon,"R. Eng. M치rio de Gusm칚o, 328 - Ponta Verde, Macei칩 - AL, 57035-000, Brazil",(11) 99863-5005
Edif칤cio Nogueira De Ramu칤n,"R. Bar칚o Jos칠 Miguel, 264 - Farol, Macei칩 - AL, 57055-160, Brazil",
Edif칤cio San Gimignano,"R. Dr. Odilon Vasconcelos, 425 - Jati칰ca, Macei칩 - AL, 57035-660, Brazil",
Residencial Helena B. de Mendon칞a,"R. Ernesto Gomes Maranh칚o, 866 - Jati칰ca, Macei칩 - AL, 57036-860, Brazil",
Edif칤cio No칠lia Juc치,"R. Maria Nuza Gomes Barreto - Gruta de Lourdes, Macei칩 - AL, 57046-512, Brazil",
Edif칤cio Arpoador,"Av. Des. Valente de Lima, 200 - Mangabeiras, Macei칩 - AL, 57037-035, Brazil",
Edif칤cio Paraty,"R. 츼ureliano Teixeira de Vasconcelos, 206 - Jati칰ca, Macei칩 - AL, 57036-430, Brazil",
Edif칤cio Monte Fuji,"Av. Dr. J칰lio Marques Luz, 585 - Jati칰ca, Macei칩 - AL, 57035-700, Brazil",
Edif칤cio James Thorp,"R. Machado Lemos, 189 - Ponta Verde, Macei칩 - AL, 57035-120, Brazil",(82) 3231-2942
Edif칤cio Santa Paula,"Po칞o, Macei칩 - State of Alagoas, 57025-065, Brazil",
Edificio Verdite III,"R. Andr칠 Cardoso Borba, 152 - Feitosa, Macei칩 - AL, 57042-530, Brazil",
CASA - Palazzo Di Mare,"Av. Jo칚o Davino, 146 - Jati칰ca, Macei칩 - AL, 57035-554, Brazil",
Condom칤nio Ametista 2 Home Service,"Rua Paulina Maria de Mendon칞a, 64 - Jati칰ca, Macei칩 - AL, 57035-557, Brazil",(82) 3325-5599
Port Ville II,"R. Dep. Elizeu Teixeira, 195 - Ponta Verde, Macei칩 - AL, 57035-240, Brazil",
Ed칤ficio S칚o Marcos,"Av. Dr. Jos칠 Sampaio Luz, 51 - Ponta Verde, Macei칩 - AL, 57035-260, Brazil",
Edif칤cio Rembrandt,"Feitosa, Macei칩 - State of Alagoas, 57042-430, Brazil",
Edif칤cio El Greco,"Rua Luiz Campos Teixeira, 1201 - Ponta Verde, Macei칩 - AL, 57035-290, Brazil",
Edif칤cio Charles Garnier,"R. S칚o Francisco de Assis, 225 - Jati칰ca, Macei칩 - AL, 57035-680, Brazil",
Edif칤cio M칪naco,"R. Profa. Higia Vasconcelos, 119 - Ponta Verde, Macei칩 - AL, 57035-140, Brazil",
Edif칤cio Suely Mendes,"R. Dr. Ant칪nio Cansan칞칚o, 712 - Ponta Verde, Macei칩 - AL, 57035-190, Brazil",
Edif칤cio Versatile,"R. Dr. Jos칠 Afonso de Melo, 45 - Jati칰ca, Macei칩 - AL, 57036-510, Brazil",
Edif칤cio Damascus,"Av. Prof. Vital Barbosa, 616b - Ponta Verde, Macei칩 - AL, 57035-400, Brazil",
Edif칤cio Ana Lucila,"R. Dr. Lu칤s de Mascarenhas, 131 - Farol, Macei칩 - AL, 57055-030, Brazil",
Edif칤cio Maison D'or,"R. Profa. Higia Vasconcelos, 53 - Ponta Verde, Macei칩 - AL, 57035-140, Brazil",
EDIFICO TANNAT- CONSTRUTORA DELMAN SAMPAIO,"Jati칰ca, Macei칩 - State of Alagoas, 57036-760, Brazil",
Edif칤cio Felice,"Av. Nelson Marinho de Ara칰jo, 917 - Serraria, Macei칩 - AL, 57046-570, Brazil",
Residential Condominium Address Bella,"R. Ant칪nio Sarafim Costa, S/N - Ch칚 do Pilar, Pilar - AL, 57150-000, Brazil",
Complexo Do M.1,"Res. Macei칩 I - Cidade Universit치ria, Macei칩 - AL, Brazil",
Complexo Do M1,"Cidade Universit치ria, Macei칩 - State of Alagoas, Brazil",
Residencial Monte Belo,"R. Ranulfo Ormindo de Lima - Antares, Macei칩 - AL, 57048-495, Brazil",(82) 99122-7163
Residencial Daniel Barros,"Av. Prof. Santos Ferraz, 66 - Po칞o, Macei칩 - AL, 57025-040, Brazil",(82) 98863-5956
Residencial Milano I,"Av. Napole칚o Viana, 1200 - Conj. Bandeirante, Rio Largo - AL, 57100-000, Brazil",(82) 99800-1915
residencial recanto dos rios 348,"residencial recanto dos rios, Satuba - AL, 57120-000, Brazil",
Conj. Eust치quio Gomes De Melo,"Unnamed Road - Cidade Universit치ria, AL, Brazil",
Condominio Recanto da Serraria I,"R. Pastor Manoel Pereira, 12 - Serraria, Macei칩 - AL, 57046-315, Brazil",(82) 98105-6221
"Vista Mar, Edif칤cio Walter Vianna","R. Ouvidor Mendon칞a, 325 - Cruz das Almas, Macei칩 - AL, 57038-380, Brazil",
Residencial Toque dos Corais Milagres,"Praia do Toque, S칚o Miguel dos Milagres - State of Alagoas, 57940-000, Brazil",
Condom칤nio Senador Arnon de Mello QD III,"R. Jos칠 Cabral Acioli, 337 - Jati칰ca, Macei칩 - AL, 57035-686, Brazil",(82) 99612-7033
Centro Comunit치rio do Complexo Residencial Brasil,"R. Cruzeiro do Sul, 1 - Tabuleiro do Martins, Macei칩 - AL, 57015-430, Brazil",
Residencial Irm칚os Pessoa,"R. Lourival de 츼guiar Pessoa, 500 - Serraria, Macei칩 - AL, 57046-770, Brazil",
Edif칤cio Ana Rosa,"Rua H칠lio Pradines, 374 - Ponta Verde, Macei칩 - AL, 57035-220, Brazil",
Condom칤nio El Shaday,"Q. B, Lot. Santa Clara, 201 - Tabuleiro do Martins, Macei칩 - AL, 57060-182, Brazil",
Residencial Village Magn칩lia,"R. Mal. Floriano Peixoto, 2-112 - Barra Mar, Barra de S칚o Miguel - AL, 57180-000, Brazil",
Edif칤cio Gran Marine,"AL-101, 10300 - Guaxuma, Macei칩 - AL, 57038-800, Brazil",
Condom칤nio Residencial Solar da Barra,"R. Maria I P Lima, 54 - Barra Mar, Barra de S칚o Miguel - AL, 57180-000, Brazil",
Condom칤nio Amazon Village,"Av. Dorgival Viana, 21 - Barra Nova, Mal. Deodoro - AL, 57160-000, Brazil",(82) 98865-6565
Residencial pitangueiras,"R. Estatistico Jose Milton Buarque De Melo, 81 - Cidade Universit치ria, Macei칩 - AL, 57072-350, Brazil",
Condom칤nio Nova Esperan칞a,"R. Afonso Alves de Carvalho, 170-88 - Barra Nova, Mal. Deodoro - AL, 57160-000, Brazil",
Residencial Josefa,"Av. Jorge Montenegro de Barros 1053, 11 - Ch칚 de Bebedouro, Macei칩 - AL, 57045-055, Brazil",
Residencia Recanto Das Flores,"Benedito Bentes, Macei칩 - State of Alagoas, Brazil",
Residencial Paraiso,"R. Bandeirantes, 166 - Conj. Bandeirante, Rio Largo - AL, 57100-000, Brazil",
Condom칤nio Residencial Alamedas do Horto,"Av. Sebasti칚o Corr칡ia da Rocha - Petropolis, Macei칩 - AL, Brazil",
Residencial Alamedas Farol,"Benedito Bentes, Macei칩 - State of Alagoas, Brazil",
Residencial Terra Vista,"em frente a empresa Raesa, AL-101, Coruripe - AL, 57230-000, Brazil",
Residencial Flor da Serra,"R. Quarenta e Sete - Jardim Petr칩polis, Macei칩 - AL, Brazil",
"Residencial Novo Jardim, m칩dulo 3 /QD L/ CIDADE UNIVERSIT츼RIA","R. C-04 - Cidade Universit치ria, Macei칩 - AL, 57072-785, Brazil",
Residencial Bem Viver,"R. Sr. Jos칠 Bezerra J칰nior, 30 - Serraria, Macei칩 - AL, 57046-521, Brazil",
Residencial Rosas de Maria 2,"R. Ten. Ruber Ivo - Feitosa, Macei칩 - AL, 57042-700, Brazil",
Enseada Dos Corais,"Av. Silvio Carlos Viana, 2003 - Ponta Verde, Macei칩 - AL, 57035-160, Brazil",
Residencial Passione,"Tv. Inailda Felix, 699-723 - Santos Dumont, Macei칩 - AL, 57075-520, Brazil",
Edif칤cio Art House,"R. em Projeto CC, 37 - Antares, Macei칩 - AL, 57048, Brazil",
Condom칤nio Bela Terra,"Em projeto A L B Terra, R. Alto da Saudade, Coruripe - AL, 57230-000, Brazil",
Residencial Portal da Barra,"Barra Nova, Marechal Deodoro - State of Alagoas, 57160-000, Brazil",
Residencial Spring Ville,"R. Padre C칤cero, 332 - Antares, Macei칩 - AL, 57048-362, Brazil",
Residencial Ilha Da Croa,"Rua Ana Messias de Araujo, 336 - Massagueira, Mal. Deodoro - AL, 57160-000, Brazil",
Residencial Reserva do Parque 2,"R. Gilberto Vieira Leite - Tabuleiro do Martins, Macei칩 - AL, 57060-182, Brazil",
RESIDENCIAL AMANS,"Av. Eraldo Lins Cavalcante, 74 - Serraria, Macei칩 - AL, 57046-570, Brazil",
Residencial Romildo Ramos Rocha,"R. Dr. Jos칠 Castro de Azevedo, 246 - Pitanguinha, Macei칩 - AL, 57052-240, Brazil",
Edif칤cio Gran Victoria,"R. Dr. Djalma Lins Buarque - Farol, Macei칩 - AL, 57050-060, Brazil",(82) 3313-9474
Residencial Reserva das 츼guas,"AL 405, 330 - Cidade Universit치ria, Macei칩 - AL, Brazil",(82) 99136-2706
Reserva Aldeprime,"R. Padre C칤cero, 44 - Antares, Macei칩 - AL, 57048-359, Brazil",(82) 99311-5149
Residencial Parque das Palmeiras,"Rua Ailton Torres, 66 - Serraria, Macei칩 - AL, 57046-144, Brazil",(82) 98872-9850
Residencial Ouro Verde,"Av. dos Ip칡s Amarelos, 112 - Antares, Macei칩 - AL, 57083-410, Brazil",
Residencial Brisa Da Lagoa,"R. Padre Silvestre, 178-1014 - Barra Nova, Mal. Deodoro - AL, 57160-000, Brazil",
Residencial Regina C칠lia,"Alameda Dr. Moacyr Tavares Lopes, 265 - Pinheiro, Macei칩 - AL, 57057-550, Brazil",
Condom칤nio Jardim Samambaia,"Serraria, Macei칩 - State of Alagoas, 57045-900, Brazil",
Condom칤nio Nova Esperan칞a I,"Santos Dumont, Macei칩 - State of Alagoas, 57075-440, Brazil",
Residencial Jardim Feitosa,"Av. Gov. Lamenha Filho, 988 - Feitosa, Macei칩 - AL, 57043-000, Brazil",
RN Studio Premium,"R. Marechal Mascarenhas de Moraes, 66 - Cruz das Almas, Macei칩 - AL, 57038-120, Brazil",(82) 3217-1000
Edif칤cio Monte Berrine,"R. Sen. Rui Palmeira, 516 - Ponta Verde, Macei칩 - AL, 57035-250, Brazil",
Edif칤cio Absolut Class,"Av. Dr. Mario Nunes Vi칡ira, 113 - Mangabeiras, Macei칩 - AL, 57037-580, Brazil",3355-2243
Areias do Mar,"R. Francisco D Sampaio, 94 - Barra Mar, Barra de S칚o Miguel - AL, 57180-000, Brazil",(82) 99374-5113
Mosaico Do Mar,"Rua Deputado Luiz Gonzaga Coutinho, 211 - Jati칰ca, Macei칩 - AL, 57036-110, Brazil",
Terrazzos,"R. Dr. Lu칤s de Mascarenhas, 18 - Farol, Macei칩 - AL, 57055-030, Brazil",(82) 98125-6619
Ant칪nio Soares Mansion Building,"R. Maria Helena Saldanha, 142 - Farol, Macei칩 - AL, 57051-470, Brazil",(82) 98205-7960
Edif칤cio Antilhas,"R. Dep. Jos칠 Lages, 1225 - Ponta Verde, Macei칩 - AL, 57035-330, Brazil",
Apartamento Macei칩,"Rua Paulina Maria de Mendon칞a, 64 - Jati칰ca, Macei칩 - AL, 57035-557, Brazil",(65) 99681-4030
Edif칤cio Monte Humanari,"Rua H칠lio Pradines, 766 - Ponta Verde, Macei칩 - AL, 57035-220, Brazil",(82) 3327-0204
Residencial Mata dos S치bias,"R. S칚o Luiz, 314 - Petropolis, Macei칩 - AL, 57062-043, Brazil",(82) 98235-4057
Edif칤cio Ametista 6,"R. Jangadeiros Alagoanos, 1521 - Paju칞ara, Macei칩 - AL, 57030-000, Brazil",
Bragan칞a Residence,"Rua Dr. Zeferino Rodrigues, 210 - Paju칞ara, Macei칩 - AL, 57030-081, Brazil",(82) 3326-3102
Jamaica,"Av. 츼lvaro Otac칤lio, 6691 - Jati칰ca, Macei칩 - AL, 57037-270, Brazil",
Riacho Doce Beach Residence,"AL-101, 55 - Riacho Doce, Macei칩 - AL, 57039-535, Brazil",
Edif칤cio Maison Monet,"R. Elias Ramos de Ara칰jo, 77 - Cruz das Almas, Macei칩 - AL, 57038-280, Brazil",
Edif칤cio Las Brisas,"R. Est. Jader Iz칤dio Malta de Ara칰jo, 201 - Jati칰ca, Macei칩 - AL, 57036-610, Brazil",
Edif칤cio Leiria,"R. Ferrovi치rio Manoel Gon칞alves Filho, 112 - Jati칰ca, Macei칩 - AL, 57035-852, Brazil",
Edif칤cio Ametista 7,"Rua H칠lio Pradines, 555 - Ponta Verde, Macei칩 - AL, 57035-220, Brazil",
Edif칤cio Valpara칤so,"Av. Dr. Jos칠 Sampaio Luz, 1137 - Ponta Verde, Macei칩 - AL, 57035-260, Brazil",
Edificio Gales De Pajucara,"R. Jangadeiros Alagoanos, 1417 - ap 1005 - Paju칞ara, Macei칩 - AL, 57030-000, Brazil",
Edif칤cio Atl칙ntico,"R. Jos칠 Carneiro da Cunha Sarmento, 118 - B01 - Jati칰ca, Macei칩 - AL, 57036-630, Brazil",
Edif칤cio Promenade II,"Rua Prefeito Abdon Arroxelas, 383 - Ponta Verde, Macei칩 - AL, 57035-380, Brazil",
Edif칤cio Aquabali,"Av. Pio XII, 640 - Jati칰ca, Macei칩 - AL, 57035-560, Brazil",
Blend Reserva 21,"97CX+XC - Cruz das Almas, Macei칩 - AL, Brazil",
Edif칤cio Londres,"R. Dr. Ant칪nio Cansan칞칚o, 991 - Ponta Verde, Macei칩 - AL, 57035-190, Brazil",
Edif칤cio Grand Bahama,"R. Ant칪nio Gerbase, 82 - Pitanguinha, Macei칩 - AL, 57052-160, Brazil",
Edif칤cio Terrantai,"R. Ver. Pedro Moura, 283 - Jati칰ca, Macei칩 - AL, 57036-360, Brazil",
Edif칤cio Ana Luiza,"R. Dr. Odilon Vasconcelos, 226 - Jati칰ca, Macei칩 - AL, 57035-660, Brazil",
Residencial Grand Reserva,"Av. Menino Marcelo, n췈 184 - Cidade Universit치ria, Macei칩 - AL, 57073-461, Brazil",
Edif칤cio Palazzo Ravena,"R. Mal. Ant칪nio Guedes Muniz, 77 - Jati칰ca, Macei칩 - AL, 57036-670, Brazil",
Macei칩,"Rio Novo, Macei칩 - State of Alagoas, Brazil",
Dellas Administradora de Condominios Ltda,"Av. Dr. J칰lio Marques Luz, 1805 - Jati칰ca, Macei칩 - AL, 57035-700, Brazil",(82) 3355-9091
CENTRO LOG칈STICO TORRES - CLT 02,"R. Jos칠 Vieira, 227 - Tabuleiro do Martins, Macei칩 - AL, 57081-520, Brazil",
Imobili치ria Lopes Macei칩,"Rua Hamilton de Barros Soutinho, 706 - Jati칰ca, Macei칩 - AL, 57035-690, Brazil",(82) 3436-8886
Residencial Mar de Java,"Rua Professora Nadyr Maia Gomes Rego, 88 - Jati칰ca, Macei칩 - AL, 57036-760, Brazil",
i4 Im칩veis,"Av. Eraldo Lins Cavalcante, 427 - Serraria, Macei칩 - AL, 57045-575, Brazil",(82) 3185-9275
CONDOM칈NIO JAC,"Rua Santa Luzia, 1667 - Village Campestre, Macei칩 - AL, 57073-580, Brazil",(82) 99983-6454
Ladeira Murilo Monteiro valente,"Av. Mendon칞a J칰nior, 213 - Gruta de Lourdes, Macei칩 - AL, 57052-480, Brazil",
Zampieri Im칩veis LTDA,"R. Durval Guimar칚es, 1738 - Ponta Verde, Macei칩 - AL, 57035-060, Brazil",(82) 2121-6000
HL Im칩veis,"Av. Menino Marcelo, 4767 - Km 6 - Antares, Macei칩 - AL, 57083-410, Brazil",(82) 99980-3204
Casa para alugar,"R. Paju칞ara, 002 - Cidade Universit치ria, Macei칩 - AL, 57073-490, Brazil",
Cunha Imobili치ria,"Galeria Antares - Av. Menino Marcelo, 5620 - Loja 6 - Antares, Macei칩 - AL, 57083-410, Brazil",(82) 99939-7948
Robson Pessoa Im칩veis,"Av. Paulo Falc칚o, 1384 - Jati칰ca, Macei칩 - AL, 57036-390, Brazil",(82) 99951-4475
Claudio Ten칩rio Im칩veis,"R. Constant Pacheco, 70 - Cruz das Almas, Macei칩 - AL, 57038-020, Brazil",(82) 99954-8754
Andaza Im칩veis,"Edif칤cio Millennium Tower Empresarial - R. Jangadeiros Alagoanos, 1188 - Sala 201 - Paju칞ara, Macei칩 - AL, 57030-000, Brazil",(82) 98190-8609
Soares Nobre Im칩veis - Macei칩,"Rua Tereza de Azevedo, 1430 - Pinheiro, Macei칩 - AL, 57057-570, Brazil",(82) 99997-0958
Condom칤nio Romanos,"Santa Rita, Marechal Deodoro - State of Alagoas, 57160-000, Brazil",
TIAGO RAMOS Corretor de Im칩veis,"Residencial Parque Petr칩polis - Petropolis, Macei칩 - AL, 57062-591, Brazil",(82) 98870-8886
Edificio Polar,"Av. Santa Rita de C치ssia, 314 - Farol, Macei칩 - AL, 57051-600, Brazil",
Mariz Im칩veis,"Edif칤cio Norcon Empresarial - Av. Comendador Gustavo Paiva, 2789 - Loja 5 - Mangabeiras, Macei칩 - AL, 57038-000, Brazil",(82) 3326-6069
Alcimary Pereira Mauricio,"R. Jos칠 Freire Moura, 320 - Ponta Verde, Macei칩 - AL, 57035-110, Brazil",(82) 99118-3656
Aluguel Macei칩,"R. Gen. Newton de Andrade Cavalcante, 17 - Jati칰ca, Macei칩 - AL, 57036-460, Brazil",(82) 99125-0680
Immove Neg칩cios Imobili치rios,"JTR - Edf. It치lia, R. Comerc. Jos칠 Pontes de Magalh칚es, 70 - Sala 506 - Jati칰ca, Macei칩 - AL, 57036-250, Brazil",(82) 99600-0111
Daniel Carna칰ba,"R. Te칩filo Otoni, n췈 25 - Paju칞ara, Macei칩 - AL, 57030-110, Brazil",(82) 99173-7775
Fernando Oiticica Im칩veis,"Av. Moema Cavalcante Bastos, 963 - Barra Mar, Barra de S칚o Miguel - AL, 57180-000, Brazil",(82) 99638-9187
Edif칤cio Estrela do Oriente,"Av. Prof. Santos Ferraz, 547 - Po칞o, Macei칩 - AL, 57025-040, Brazil",
Residencial Jardins Ville,"Q. O Lot Monte Verde, 296 - Lot Monte Verde, Macei칩 - AL, 57048-570, Brazil",
Kit Net Loft Lojas Comerciais 1114,"R. Cap. Marinho Falc칚o, 1114 - Po칞o, Macei칩 - AL, 57025-260, Brazil",
Imobili치ria Marcos Paulo,"da Costa, N춿 80 - R. Jo칚o Correia Costa, Sala 03 - Antares, Macei칩 - AL, 57048-810, Brazil",(82) 98875-1817
DOUGLAS COSTA Corretor de Im칩veis,"Rod. Dr. Ib Gatto Marinho Falc칚o, Sala 01 - Posto Elite, Barra de S칚o Miguel - AL, 57180-000, Brazil",(82) 99935-0221
Betty Ruiz Consultoria Imobili치ria,"Record Office - R. Eng. M치rio de Gusm칚o, 988 - Sala 103 - Ponta Verde, Macei칩 - AL, 57035-000, Brazil",(82) 98761-2961
V IM칍VEL - Imobili치ria em Macei칩,"Conde Empresarial - Av. Luiz Ramalho de Castro, 869 - Sala 06 - Jati칰ca, Macei칩 - AL, 57036-650, Brazil",(82) 99904-2222
Everson Cavalcante - Corretor de Im칩veis - Imobili치ria em Macei칩 - Alagoas,"Av. Jo칚o Davino, 667 - Jati칰ca, Macei칩 - AL, 57035-554, Brazil",(82) 99999-0113
Allan Gama - Consultor Imobili치rio,"R. Jo칚o Gualberto Pereira do Carmo, 113 - sala 204 - Ponta Verde, Macei칩 - AL, 57035-270, Brazil",(82) 99907-7004
Geraldo Freitas Consultoria Imobili치ria,"Edif칤cio Espanha - R. Comerc. Jos칠 Pontes de Magalh칚es, 70 - Ljs. 07 e 08 - Jati칰ca, Macei칩 - AL, 57036-250, Brazil",(82) 3432-8898
"APSA - Jati칰ca, Macei칩","R. Dep. Elizeu Teixeira, 120 - Jati칰ca, Macei칩 - AL, 57035-240, Brazil",(82) 3217-9919
Tayse Barbosa,"Av. Silvio Carlos Viana - Ponta Verde, Macei칩 - AL, 57035-160, Brazil",(82) 99660-8522
Plataforma Imobili치ria S칠timo Andar,"Av. Comendador Gustavo Paiva, 5945 - Loja 3026 - Cruz das Almas, Macei칩 - AL, 57038-000, Brazil",(82) 98179-4056
Hebel Nutels - Consultor de Im칩veis,"R. Vin칤cius de Morais, 611 - Jati칰ca, Macei칩 - AL, 57036-330, Brazil",(82) 99644-3692
Firma Imobili치ria - Consultoria em Im칩veis de Alto Padr칚o,"R. Arthur Bulh칫es, 107 - Jati칰ca, Macei칩 - AL, 57035-856, Brazil",
Edif칤cio Vale Verde,"R. em Projeto O, 247 - Antares, Macei칩 - AL, 57048-056, Brazil",
Azul Macei칩 Imobili치ria,"Galeria Anitta Peixoto, R. Industrial Breno Lins Cansan칞칚o, 10 - Jati칰ca, Macei칩 - AL, 57036-210, Brazil",(82) 3037-3383
Edif칤cio savoy,"R. Industrial Moacir Duarte, 12 - Mangabeiras, Macei칩 - AL, 57037-500, Brazil",
Ap칡house Imobili치ria,"Ao lado da Caixa Econ칪mica - Av. Juca Sampaio, 2247 Shopping Miramar, 82 - Feitosa, Macei칩 - AL, 57042-530, Brazil",(82) 99999-9091
Digimob Solu칞칫es Imobili치rias,"Av. Jo칚o Davino, 871 - Jati칰ca, Macei칩 - AL, 57037-000, Brazil",(82) 99833-7844
Rocha Alves Im칩veis,"R. Dr. Abelardo Pontes Lima, 502 - Gruta de Lourdes, Macei칩 - AL, 57052-695, Brazil",(82) 3021-3636
Casa por temporada em Saua칞uhy,"Avenida Ministro Lindolfo Collor, 1239, QD -O Condom칤nio Park, Av. Prof. Jaime de Altavilla - Ipioca, Macei칩 - AL, 57039-795, Brazil",(82) 99916-0729
Muniz Falc칚o Im칩veis,"R. Desportista Carlos Gonzaga Br칡da J칰nior, n춿05 - Jati칰ca, Macei칩 - AL, 57036-500, Brazil",(82) 98895-3001
Val Nunes Im칩veis,"R. Eng. M치rio de Gusm칚o, 465 - Sala 109 109 - Ponta Verde, Macei칩 - AL, 57035-000, Brazil",(82) 99999-1362
Waleska Morelatto Corretora de Im칩veis,"465, Rua Engenheiro, R. Eng. M치rio de Gusm칚o, de - Ponta Verde, Macei칩 - AL, 57035-000, Brazil",(82) 99644-6733
WJ Consultoria Imobili치ria,"Av. Comendador Gustavo Paiva, 5395 - Sala 03 - Cruz das Almas, Macei칩 - AL, 57038-000, Brazil",(82) 99991-5162
Caio Ten칩rio Im칩veis,"Empresarial JTR - Av. 츼lvaro Otac칤lio, 3731 - Sala 602 - Jati칰ca, Macei칩 - AL, 57036-850, Brazil",(82) 99383-7777
Open Neg칩cios Imobili치rios,"Empresarial 203 Oficces - Av. Dom Ant칪nio Brand칚o, 203 - Sala 510 - Farol, Macei칩 - AL, 57051-190, Brazil",(82) 98822-0511
JO츾O RIBEIROI IM칍VEIS,"R. Sen. Rui Palmeira, 56 - Ponta Verde, Macei칩 - AL, 57035-250, Brazil",(82) 99931-7673
Ana Rijo,"Av. Prof. Vital Barbosa, 268 - Ponta Verde, Macei칩 - AL, 57035-400, Brazil",(82) 99612-1507
Ello Condom칤nios - Administradora de Condom칤nios,"Condom칤nio Residencial Mariner - R. Dr. Ant칪nio Cansan칞칚o, 575 - Ponta Verde, Macei칩 - AL, 57035-190, Brazil",(82) 3313-8708
im칩veis Alagoas,"R. Dr. Jos칠 Camelo J칰nior, n 50 - Petropolis, Macei칩 - AL, 57080-525, Brazil",(82) 98814-0627
HILTON IM칍VEIS,"Av. Jos칠 Ailton dos Santos - Village Campestre, Macei칩 - AL, 57073-480, Brazil",(82) 99114-1041
Im칩veis de Luxo em Macei칩,"Empresarial JTR, Torre It치lia - Av. 츼lvaro Otac칤lio, 3731 - Sala 602 - Jati칰ca, Macei칩 - AL, 57036-850, Brazil",(82) 98143-6737
ALM Im칩veis,"Empresarial Jo칚o Gomes De Melo - Av. Menino Marcelo, 1900 - sala 16 - Serraria, Macei칩 - AL, 57046-000, Brazil",(82) 4101-7557
칄lio Dias Imoveis,"Lad. Dr. Geraldo De Melo Dos Santos, 126 B - Farol, Macei칩 - AL, 57051-240, Brazil",(82) 3327-4296
